,rank,Youtuber,subscribers,video views,video count,category,started
1,2,YouTube Movies,"154,000,000",0,0,Film & Animation,2015
6,7,MrBeast,"102,000,000","16,832,456,681",726,Entertainment,2012
7,8,âœ¿ Kids Diana Show,"99,700,000","79,602,288,245","1,009",People & Blogs,2015
8,9,Like Nastya,"99,200,000","81,963,845,811",702,People & Blogs,2016
11,12,Zee Music Company,"86,700,000","49,067,711,243","6,603",Music,2014
12,13,Vlad and Niki,"85,100,000","66,498,762,660",472,Entertainment,2018
13,14,5-Minute Crafts,"77,100,000","23,881,457,195","5,581",Howto & Style,2016
14,15,BLACKPINK,"76,200,000","24,707,415,704",397,People & Blogs,2016
16,17,Goldmines,"74,100,000","18,533,088,438","3,968",Film & Animation,2012
18,19,BANGTANTV,"70,000,000","17,471,090,750","1,787",Music,2012
21,22,Canal KondZilla,"65,900,000","36,576,704,790","2,313",Music,2012
24,25,Pinkfong Baby Shark - Kids' Songs & Stories,"59,400,000","32,107,290,522","2,374",Education,2011
26,27,ChuChu TV Nursery Rhymes & Kids Songs,"57,700,000","39,266,652,127",506,Education,2013
28,29,Marshmello,"55,700,000","13,445,424,556",401,Entertainment,2015
30,31,Wave Music,"53,400,000","37,230,876,862","18,622",Music,2014
34,35,T-Series Bhakti Sagar,"52,500,000","24,278,576,197","23,870",Music,2011
37,38,El Reino Infantil,"51,700,000","49,895,247,456","1,309",Music,2011
39,40,LooLoo Kids - Nursery Rhymes and Children's Songs,"49,800,000","29,013,984,394",553,Music,2014
42,43,Billie Eilish,"46,200,000","11,999,349,578",48,Music,2013
43,44,JuegaGerman,"46,100,000","13,698,034,536","1,959",Gaming,2013
44,45,BillionSurpriseToys - English Kids Songs & Cartoon,"45,700,000","8,590,657,189",648,Education,2013
45,46,Infobells - Hindi,"45,600,000","25,635,591,765",476,Education,2014
46,47,Badabun,"45,600,000","18,567,925,780","13,814",Entertainment,2014
47,48,Fernanfloo,"45,100,000","9,966,728,650",541,Gaming,2011
49,50,BRIGHT SIDE,"43,900,000","10,058,536,263","4,540",Howto & Style,2017
50,51,whinderssonnunes,"43,900,000","4,120,078,906",521,Comedy,2013
51,52,VocÃª Sabia?,"43,300,000","7,284,075,395","1,315",Entertainment,2013
52,53,HolaSoyGerman.,"43,300,000","4,735,959,546",136,Entertainment,2011
55,56,Bad Bunny,"42,500,000","23,748,805,401",123,Music,2014
56,57,Alan Walker,"42,200,000","11,731,228,995",318,Music,2012
57,58,Like Nastya Show,"41,500,000","18,745,015,002",599,Entertainment,2017
59,60,A4,"41,200,000","16,717,234,472",645,Gaming,2014
60,61,Speed Records,"40,800,000","24,558,172,214","10,327",Music,2012
62,63,elrubiusOMG,"40,400,000","7,483,116,325",705,Gaming,2011
65,66,Little Baby Bum - Nursery Rhymes & Kids Songs,"39,500,000","37,136,069,429","1,989",Education,2011
66,67,Luisito Comunica,"39,200,000","7,691,260,396","1,119",Comedy,2012
67,68,Voot Kids,"38,800,000","17,685,426,640","3,282",Entertainment,2016
68,69,ÐœÐ°ÑˆÐ° Ð¸ ÐœÐµÐ´Ð²ÐµÐ´ÑŒ,"38,700,000","32,833,907,997","1,198",Film & Animation,2011
70,71,LUCCAS NETO - LUCCAS TOON,"37,800,000","20,454,693,770","1,875",People & Blogs,2014
72,73,GR6 EXPLODE,"37,600,000","23,912,270,526","4,180",Music,2014
73,74,XXXTENTACION,"37,600,000","9,725,253,939",126,Music,2015
76,77,Kimberly Loaiza,"37,200,000","4,254,148,920",206,People & Blogs,2016
77,78,WorkpointOfficial,"37,000,000","33,773,658,170","62,039",Entertainment,2012
78,79,Daddy Yankee,"36,800,000","20,479,831,396",423,Music,2011
79,80,Toys and Colors,"36,500,000","40,932,580,174",821,Entertainment,2016
80,81,CarryMinati,"36,300,000","2,948,237,121",178,Comedy,2014
83,84,shfa,"35,900,000","19,083,355,034",847,People & Blogs,2015
85,86,shfa2 - Ø´ÙØ§,"35,800,000","20,816,532,667","1,351",People & Blogs,2017
86,87,Jkk Entertainment,"35,700,000","15,133,442,317",194,Comedy,2017
89,90,Ozuna,"35,200,000","21,048,440,606",137,Music,2016
90,91,Masha and The Bear,"35,100,000","19,426,654,260",935,Shows,2014
91,92,one31,"34,400,000","26,969,165,355","128,901",Entertainment,2013
92,93,Goldmines Gaane Sune Ansune,"34,300,000","14,212,434,275","3,171",Music,2015
93,94,Like Nastya ESP,"33,600,000","15,934,957,738",630,Entertainment,2017
94,95,J Balvin,"33,600,000","21,489,532,517",134,Music,2011
95,96,Mikecrack,"33,500,000","13,775,632,479","1,727",Gaming,2015
98,99,Markiplier,"33,300,000","18,701,808,550","5,200",Gaming,2012
100,101,ABP NEWS,"33,200,000","10,421,462,788","224,455",People & Blogs,2012
101,102,Total Gaming,"33,200,000","5,935,440,954","1,894",Gaming,2018
102,103,Maria Clara & JP,"33,100,000","20,224,535,670",627,People & Blogs,2015
103,104,Desi Music Factory,"33,000,000","9,481,987,642",125,Music,2014
104,105,Ryan's World,"32,900,000","51,721,734,476","2,198",Entertainment,2015
105,106,Geet MP3,"32,800,000","11,575,367,431",563,Music,2016
106,107,Sony PAL,"32,700,000","23,519,452,138","19,383",Shows,2014
107,108,NoCopyrightSounds,"32,700,000","10,436,881,173","1,116",Music,2011
108,109,SSSniperWolf,"32,500,000","20,583,922,757","3,095",Gaming,2013
109,110,T-Series Apna Punjab,"32,300,000","18,933,492,606","6,524",Music,2011
110,111,ARY Digital HD,"32,200,000","25,304,311,207","71,075",Entertainment,2016
111,112,KHANDESHI MOVIES,"32,100,000","10,676,727,914",191,Comedy,2013
115,116,Ch3Thailand,"31,600,000","20,335,720,484","76,039",Entertainment,2014
116,117,La Granja de ZenÃ³n,"31,500,000","22,808,879,757",558,Music,2013
117,118,GENIAL,"31,400,000","6,362,416,164","5,453",Howto & Style,2017
119,120,Luis Fonsi,"30,900,000","14,480,846,921",121,Entertainment,2014
124,125,Bollywood Classics,"30,600,000","19,244,430,138","2,008",Music,2012
126,127,Ricis Official,"30,500,000","5,134,450,983","2,003",People & Blogs,2016
127,128,Trap Nation,"30,400,000","13,348,694,779","2,472",Music,2012
130,131,Dream,"30,000,000","2,673,017,855",110,Gaming,2014
132,133,AH,"29,900,000","4,082,464,979","1,809",Entertainment,2014
133,134,Saregama Music,"29,700,000","12,147,894,890","5,718",Entertainment,2013
135,136,rezendeevil,"29,600,000","12,599,347,383","11,571",Gaming,2012
136,137,Shawn Mendes,"29,500,000","11,742,431,673",132,Music,2011
138,139,Boram Tube Vlog [ë³´ëžŒíŠœë¸Œ ë¸Œì´ë¡œê·¸],"29,400,000","13,109,187,449",223,Entertainment,2012
139,140,BabyBus - Kids Songs and Cartoons,"29,200,000","23,790,606,514","1,825",Education,2016
141,142,The Weeknd,"29,100,000","19,280,816,380",123,Music,2011
142,143,Maluma,"28,700,000","19,638,529,002",20,Music,2018
146,147,Worldwide Records Bhojpuri,"28,600,000","14,501,468,946","5,927",Music,2012
148,149,Jingle Toons,"28,600,000","9,728,073,444",228,Film & Animation,2013
150,151,PowerKids TV,"28,400,000","14,322,875,759","2,509",Film & Animation,2014
151,152,MrBeast Gaming,"28,400,000","4,943,059,589",132,Gaming,2020
152,153,Peppa Pig - Official Channel,"28,200,000","21,008,328,965","2,020",Film & Animation,2013
154,155,DONA ë„ë‚˜,"28,100,000","18,421,172,559",160,Entertainment,2018
155,156,Techno Gamerz,"28,100,000","7,193,172,591",839,Gaming,2017
156,157,Wow Kidz,"28,000,000","14,967,441,549","3,718",Film & Animation,2015
159,160,Little Angel: Nursery Rhymes & Kids Songs,"27,700,000","20,217,178,677","1,146",Education,2015
161,162,KAROL G,"27,400,000","14,040,459,862",121,Music,2013
162,163,TheDonato,"27,200,000","5,094,142,687","2,491",Entertainment,2015
164,165,Round2hell,"27,100,000","2,862,422,681",67,Comedy,2016
165,166,infobells - Tamil,"26,900,000","16,492,704,526",460,Education,2014
167,168,MR. INDIAN HACKER,"26,800,000","4,592,841,527",812,Science & Technology,2012
169,170,ToypuddingTV,"26,600,000","15,570,902,183","2,579",Entertainment,2014
170,171,Genevieve's Playhouse - Learning Videos for Kids,"26,500,000","18,579,474,197",578,Education,2016
171,172,Bounce Patrol - Kids Songs,"26,400,000","18,891,028,184",205,Music,2013
173,174,infobells - Telugu,"26,300,000","13,426,911,345",421,Education,2014
174,175,enchufetv,"26,300,000","10,022,194,205",994,Comedy,2011
175,176,AboFlah,"26,300,000","3,589,276,436",553,Gaming,2016
176,177,DanTDM,"26,200,000","18,809,615,646","3,603",Gaming,2012
178,179,Lucas and Marcus,"26,100,000","7,942,766,503",968,Entertainment,2011
184,185,VanossGaming,"25,700,000","14,907,579,962","1,581",Gaming,2011
185,186,LosPolinesios,"25,600,000","7,086,413,849",725,People & Blogs,2012
186,187,1MILLION Dance Studio,"25,500,000","7,409,442,051","4,251",Entertainment,2015
187,188,BB Ki Vines,"25,500,000","4,371,751,617",185,Entertainment,2015
188,189,Renato Garcia,"25,400,000","6,901,320,769","3,648",Entertainment,2011
191,192,Nick Jr.,"25,100,000","20,691,684,541","4,712",Film & Animation,2012
194,195,MarÃ­lia MendonÃ§a,"24,900,000","16,477,333,283",114,Music,2013
198,199,Jess No Limit,"24,700,000","3,060,187,306","1,914",Entertainment,2017
200,201,Las Ratitas,"24,600,000","9,217,427,023",217,People & Blogs,2015
201,202,Nicki Minaj,"24,500,000","9,386,490,086",31,Music,2013
203,204,Goldmines Dishoom,"24,400,000","7,143,695,444","2,844",Film & Animation,2016
205,206,Masha y el Oso,"24,300,000","11,006,209,206",840,Film & Animation,2016
206,207,Aditya Movies,"24,300,000","7,908,171,009","4,274",Movies,2012
207,208,Netflix,"24,300,000","5,678,834,326","5,650",Entertainment,2012
208,209,ZHC,"24,300,000","2,224,916,696",298,Film & Animation,2013
209,210,Post Malone,"24,200,000","12,492,313,399",51,Music,2011
210,211,1theK (ì›ë”ì¼€ì´),"24,200,000","22,605,283,252","16,928",Music,2011
211,212,Amit Bhadana,"24,100,000","2,242,631,303",93,Entertainment,2012
212,213,Rans Entertainment,"24,000,000","5,688,277,632","3,060",People & Blogs,2015
213,214,Chloe Ting,"24,000,000","2,735,828,023",367,Howto & Style,2011
214,215,Sandeep Maheshwari,"24,000,000","1,821,164,544",513,People & Blogs,2012
215,216,Raffy Tulfo in Action,"23,900,000","12,797,189,774","8,755",News & Politics,2016
217,218,Collins Key,"23,900,000","6,368,398,946",251,Entertainment,2011
218,219,James Charles,"23,900,000","3,687,600,020",406,Entertainment,2015
219,220,Ninja,"23,900,000","2,447,087,199","1,418",Gaming,2011
221,222,Logan Paul,"23,500,000","5,889,189,870",712,Entertainment,2015
224,225,Happy Lives,"23,400,000","10,089,784,164",596,Science & Technology,2016
225,226,TRANS7 OFFICIAL,"23,300,000","12,454,676,964","78,951",Entertainment,2014
226,227,Troom Troom,"23,200,000","9,797,581,328","1,992",Howto & Style,2015
227,228,ABPLIVE,"23,200,000","6,805,551,423","146,479",People & Blogs,2017
228,229,Mister Max,"23,100,000","14,762,469,807","1,046",People & Blogs,2014
229,230,NickyJamTV,"23,100,000","15,050,718,616",328,Music,2012
230,231,Shemaroo Movies,"23,000,000","5,590,554,837","2,155",Entertainment,2011
233,234,netd mÃ¼zik,"22,800,000","50,658,927,334","20,482",Music,2014
234,235,Jelly,"22,800,000","14,239,994,409","5,667",Gaming,2014
235,236,Erlania e Valentina Pontes,"22,700,000","7,556,615,404","1,117",Film & Animation,2014
237,238,Anuel AA,"22,400,000","11,627,613,226",92,Music,2016
238,239,Goldmines Bollywood,"22,400,000","7,122,122,133","2,409",Film & Animation,2015
239,240,Miss Katy,"22,300,000","13,424,354,473",990,People & Blogs,2014
240,241,The Chainsmokers,"22,300,000","13,337,815,978",237,Music,2012
241,242,Crazy XYZ,"22,300,000","5,869,132,761","1,085",Entertainment,2017
242,243,Frost Diamond,"22,300,000","5,357,578,673","2,191",Gaming,2014
243,244,Mark Rober,"22,300,000","2,935,811,566",107,Science & Technology,2011
244,245,The Lallantop,"22,200,000","8,155,335,430","39,370",News & Politics,2015
245,246,Technical Guruji,"22,200,000","3,065,204,553","4,609",Science & Technology,2015
247,248,HUM TV,"22,100,000","16,656,148,835","59,428",Entertainment,2011
248,249,Like Nastya AE,"22,100,000","11,179,266,145",576,Entertainment,2018
249,250,WB Kids,"22,100,000","9,340,794,746","1,722",People & Blogs,2015
252,253,Smile Family,"22,000,000","8,261,468,075",413,People & Blogs,2018
255,256,White Hill Music,"21,700,000","9,719,487,276","5,094",Entertainment,2014
256,257,Paulo Londra,"21,700,000","7,061,442,001",52,Music,2016
261,262,Wave Music Bhojpuri,"21,500,000","12,148,385,591","21,294",Music,2014
262,263,Peppa Pig EspaÃ±ol Latino - Canal Oficial,"21,500,000","6,961,098,158",949,Film & Animation,2014
263,264,FaZe Rug,"21,500,000","6,009,951,177","1,997",Gaming,2012
264,265,Goldmines Movies,"21,400,000","4,575,205,400","4,025",Film & Animation,2013
265,266,Pen Movies,"21,200,000","5,588,648,749","1,569",Film & Animation,2014
267,268,BabyBus - Canciones Infantiles & Cuentos,"21,100,000","11,922,457,689",973,Education,2018
268,269,Enaldinho,"21,100,000","7,382,859,153","2,908",Comedy,2012
270,271,Tasty,"21,000,000","5,508,445,771","4,310",Howto & Style,2016
271,272,FGTeeV,"20,900,000","22,567,064,225","1,594",Gaming,2013
272,273,Dua Lipa,"20,900,000","9,928,011,592",164,Music,2011
273,274,5-Minute Crafts DIY,"20,900,000","4,934,552,904","3,961",Howto & Style,2018
274,275,Juan De Dios Pantoja,"20,900,000","1,601,142,353",175,Entertainment,2014
275,276,Indosiar,"20,800,000","10,126,082,404","58,623",Music,2013
276,277,Like Nastya PRT,"20,800,000","10,441,789,042",529,Entertainment,2019
277,278,Preston,"20,800,000","6,955,897,177","3,861",Gaming,2012
278,279,Baim Paula,"20,800,000","4,254,648,656","1,957",People & Blogs,2016
280,281,Canal Canalha,"20,700,000","1,834,293,432",291,Comedy,2011
281,282,MrBeast en EspaÃ±ol,"20,700,000","2,290,112,686",72,Entertainment,2021
282,283,Goldmines Cineplex,"20,600,000","1,796,017,693","2,474",Film & Animation,2015
284,285,Kids TV - Nursery Rhymes And Baby Songs,"20,400,000","11,747,446,967","3,367",Shows,2013
286,287,Becky G,"20,400,000","9,552,800,638",73,Music,2011
287,288,Family GamesTV,"20,400,000","7,061,690,830",277,Entertainment,2016
288,289,Jake Paul,"20,400,000","7,219,140,294",934,People & Blogs,2013
290,291,Tekashi 6ix9ine,"20,400,000","5,325,195,339",25,People & Blogs,2018
291,292,BuzzFeedVideo,"20,300,000","17,755,714,250","7,347",People & Blogs,2011
292,293,Brave Wilderness,"20,300,000","4,606,459,332",718,Pets & Animals,2014
296,297,LazarBeam,"20,100,000","8,389,982,773","1,258",Gaming,2015
298,299,AuthenticGames,"20,100,000","8,852,635,760","4,638",Gaming,2011
301,302,Rotana,"20,000,000","16,480,938,259","8,109",Music,2012
302,303,Ultra Movie Parlour,"20,000,000","4,930,920,530","1,302",Movies,2011
303,304,SlivkiShow,"20,000,000","4,345,234,891",426,Entertainment,2012
304,305,HaerteTest,"20,000,000","3,027,361,293","1,160",Science & Technology,2011
305,306,5-Minute Crafts PLAY,"19,900,000","5,616,881,420","4,440",Howto & Style,2017
309,310,Lyrical Lemonade,"19,800,000","9,563,010,656",408,Entertainment,2013
311,312,Tlnovelas,"19,700,000","12,776,498,114","29,574",News & Politics,2013
312,313,Pentatonix,"19,700,000","5,694,327,707",235,Music,2011
313,314,Totoy kids - PortuguÃªs,"19,700,000","3,826,474,945",174,Film & Animation,2014
314,315,LankyBox,"19,600,000","25,787,517,689","5,545",Comedy,2016
315,316,toyorbabytv,"19,600,000","13,978,892,435","1,057",Music,2012
319,320,Noor Stars,"19,500,000","2,545,886,796",627,Comedy,2014
322,323,Got Talent Global,"19,400,000","7,383,775,138","2,454",Entertainment,2013
323,324,Dr. Vivek Bindra: Motivational Speaker,"19,400,000","1,478,660,028",683,Education,2013
326,327,Troom Troom Es,"19,200,000","7,139,476,227","2,591",People & Blogs,2016
328,329,Kinder Spielzeug Kanal,"19,200,000","9,413,508,600",699,Entertainment,2015
329,330,Infinite,"19,200,000","4,383,533,818","1,517",Entertainment,2014
332,333,Robin Hood Gamer,"19,100,000","9,328,209,625","3,750",Entertainment,2014
333,334,â˜… Kids Roma Show,"19,100,000","6,410,853,410",589,People & Blogs,2015
334,335,Fatos Desconhecidos,"19,100,000","3,252,868,093","5,240",Entertainment,2013
335,336,JukiLop,"19,100,000","1,540,403,509",85,People & Blogs,2017
336,337,Crafty Panda,"19,000,000","5,672,497,949",613,People & Blogs,2017
337,338,Kurzgesagt â€“ In a Nutshell,"19,000,000","2,052,293,685",161,Education,2013
338,339,DLS News,"19,000,000","1,946,197,106","3,559",News & Politics,2017
341,342,The ACE Family,"18,800,000","4,497,282,091",668,People & Blogs,2016
342,343,Clash of Clans,"18,800,000","3,623,586,697",553,Gaming,2013
343,344,Sun TV,"18,700,000","13,622,998,578","34,648",People & Blogs,2016
344,345,Ninja Kidz TV,"18,700,000","9,145,485,770",267,Entertainment,2017
345,346,Netflix India,"18,700,000","5,228,700,571","2,707",People & Blogs,2016
346,347,Beast Reacts,"18,700,000","2,528,480,817",215,People & Blogs,2016
348,349,TRT Originals Urdu,"18,600,000","7,370,103,100",740,Entertainment,2020
349,350,Lil Nas X,"18,600,000","5,659,051,618",37,Music,2018
351,352,Green Gold TV - Official Channel,"18,500,000","8,985,315,647","1,090",Film & Animation,2011
352,353,TheWillyrex,"18,500,000","6,957,319,094","6,798",Comedy,2011
353,354,Cardi B,"18,500,000","7,069,624,864",60,People & Blogs,2016
354,355,invictor,"18,500,000","7,050,721,828","2,106",Gaming,2013
356,357,CKN,"18,300,000","18,786,377,776",814,Entertainment,2015
357,358,Official Pink Panther,"18,300,000","9,942,133,522",629,Film & Animation,2013
358,359,Sonotek,"18,300,000","7,133,240,982","8,169",Entertainment,2011
359,360,MiawAug,"18,200,000","5,236,302,709","3,287",Gaming,2014
361,362,Turma da MÃ´nica,"18,200,000","13,088,159,940","1,094",Film & Animation,2012
362,363,CookieSwirlC,"18,200,000","20,938,593,710","3,571",Entertainment,2013
363,364,David Dobrik,"18,200,000","7,087,407,988",536,People & Blogs,2014
365,366,The Royalty Family,"18,200,000","4,490,004,408",633,People & Blogs,2017
366,367,A_S Gaming,"18,200,000","2,476,464,261",932,Gaming,2016
367,368,HiMan,"18,200,000","2,367,699,484",326,People & Blogs,2014
368,369,BabyBus - Cerita & Lagu Anak-anak,"18,100,000","10,232,250,581",672,Education,2019
370,371,Vania Mania Kids,"18,100,000","6,908,411,472",825,People & Blogs,2015
372,373,GEN HALILINTAR,"18,100,000","3,178,960,318",969,Entertainment,2015
373,374,ElTrollino,"18,000,000","5,486,103,239","1,517",Entertainment,2013
374,375,ÐœÐ¸Ñ€Ð¾ÑˆÐºÐ° Ð¢Ð’,"18,000,000","4,603,751,673",84,Education,2018
375,376,TheOdd1sOut,"18,000,000","4,023,496,321",113,Comedy,2014
376,377,INCRÃVEL,"18,000,000","3,017,467,860","5,682",People & Blogs,2017
377,378,Emiway Bantai,"18,000,000","3,038,899,728",201,Music,2013
380,381,Diana and Roma EN,"17,900,000","3,868,166,958",424,People & Blogs,2011
382,383,Like Nastya Vlog,"17,800,000","7,561,933,732",397,People & Blogs,2016
384,385,Lele Pons,"17,800,000","4,958,584,356",154,Comedy,2015
385,386,Lil Pump,"17,800,000","4,091,109,829",59,Music,2015
386,387,Naisa Alifia Yuriza (N.A.Y),"17,800,000","2,521,515,641","1,462",People & Blogs,2017
387,388,SCTV,"17,700,000","8,588,329,369","50,080",Entertainment,2011
389,390,TheGrefg,"17,700,000","6,077,820,746","3,332",Gaming,2012
393,394,RsiamMusic : à¸­à¸²à¸£à¹Œà¸ªà¸¢à¸²à¸¡,"17,600,000","10,952,154,122","2,663",Music,2011
394,395,Little Angel EspaÃ±ol - Canciones Infantiles,"17,600,000","8,525,569,510",580,Education,2018
395,396,ÐŸÐ¾Ð·Ð½Ð°Ð²Ð°Ñ‚ÐµÐ»ÑŒ,"17,600,000","8,522,826,642",476,Entertainment,2014
396,397,JFlaMusic,"17,600,000","3,657,526,529",282,Music,2011
397,398,Village Cooking Channel,"17,600,000","4,477,436,881",211,Howto & Style,2018
398,399,FactTechz,"17,500,000","2,112,929,572",578,Entertainment,2016
399,400,SebastiÃ¡n Yatra,"17,400,000","9,316,925,082",196,News & Politics,2013
402,403,Porta dos Fundos,"17,400,000","7,258,838,590","1,960",Entertainment,2012
403,404,Liza Koshy,"17,400,000","2,595,554,113",189,Comedy,2013
406,407,TED-Ed,"17,300,000","3,287,834,094","1,948",Education,2011
407,408,Stubborn Facts,"17,300,000","827,786,482",217,Film & Animation,2016
408,409,PopularMMOs,"17,200,000","14,475,783,059","4,686",Gaming,2012
409,410,SQUEEZIE,"17,200,000","9,258,609,822","1,471",Gaming,2011
410,411,Masha e o Urso,"17,200,000","7,131,816,532",856,Shows,2016
412,413,RobleisIUTU,"17,200,000","4,680,573,231","1,145",Entertainment,2013
413,414,EeOneGuy,"17,200,000","3,804,413,513",363,Entertainment,2013
415,416,GRAMMY GOLD OFFICIAL,"17,100,000","17,974,040,182","5,334",Music,2014
416,417,SUPER SLICK SLIME SAM,"17,100,000","6,078,466,417",741,Howto & Style,2018
417,418,HowToBasic,"17,100,000","3,561,001,854",563,Howto & Style,2011
418,419,æŽå­æŸ’ Liziqi,"17,100,000","2,801,548,472",128,Howto & Style,2017
419,420,Gaby and Alex,"17,000,000","7,942,553,236",351,Entertainment,2012
420,421,Ø´Ø¨ÙƒØ© Ø§Ù„Ø¹Ø§Ø¨ Ø§Ù„Ø¹Ø±Ø¨ | Arab Games Network,"17,000,000","7,723,277,433","5,515",Gaming,2013
421,422,Kiddiestv Hindi - Nursery Rhymes & Kids Songs,"17,000,000","6,221,383,175",192,Education,2017
422,423,Rafa & Luiz,"17,000,000","6,273,315,738","2,184",Entertainment,2015
423,424,Khan GS Research Centre,"17,000,000","1,670,639,781",347,Education,2019
424,425,à¤¹à¤¿à¤‚à¤¦à¥€ - Genevieve's Playhouse,"16,900,000","9,195,178,282",96,Education,2018
425,426,Ø§Ù„Ù€Ø±ÙŠÙ…Ø§Ø³ - Al-Remas,"16,900,000","10,550,888,024","2,047",Music,2013
426,427,Junya.ã˜ã‚…ã‚“ã‚„,"16,900,000","9,529,205,653","3,150",Entertainment,2020
428,429,Doggy Doggy Cartoons,"16,800,000","6,459,285,262","4,723",Entertainment,2012
431,432,Maya and Mary,"16,800,000","6,304,251,610",539,Entertainment,2013
432,433,DUDU e CAROL,"16,700,000","6,530,946,230","2,874",Autos & Vehicles,2013
434,435,Anitta,"16,700,000","6,610,175,435",99,Music,2011
436,437,Triggered Insaan,"16,700,000","2,657,491,028",265,Comedy,2014
437,438,7clouds,"16,600,000","11,637,964,945","1,940",Music,2013
438,439,Tu COSMOPOLIS,"16,600,000","4,875,900,353","6,796",People & Blogs,2014
439,440,DeToxoMoroxo,"16,600,000","2,212,149,791",488,Entertainment,2012
440,441,Sourav Joshi Vlogs,"16,500,000","5,970,849,535","1,039",People & Blogs,2019
441,442,TheBrianMaps,"16,500,000","4,090,289,417",476,Comedy,2012
443,444,SonyMusicSouthVEVO,"16,400,000","15,090,557,603","4,304",Music,2014
444,445,zbing z.,"16,400,000","8,307,904,773","2,763",Gaming,2014
445,446,Dhar Mann,"16,400,000","8,642,459,264",649,People & Blogs,2018
446,447,IDEAS EN 5 MINUTOS,"16,400,000","3,509,049,258","4,658",Howto & Style,2017
447,448,W2S,"16,300,000","4,739,609,055",653,Gaming,2012
449,450,ExtraPolinesios,"16,300,000","4,696,367,446",480,People & Blogs,2012
450,451,Goldmines Great Indian Comedy,"16,300,000","4,238,595,667","2,008",Film & Animation,2016
451,452,Prajapati News,"16,300,000","907,965,523","1,081",Comedy,2013
452,453,SOMOY TV,"16,200,000","9,476,895,180","124,072",News & Politics,2015
453,454,Sony AATH,"16,200,000","10,718,891,416","14,759",Shows,2013
455,456,Sandra Cires Art,"16,200,000","3,702,173,328",953,Howto & Style,2011
456,457,tanboy kun,"16,200,000","3,020,272,233",582,People & Blogs,2016
457,458,Sidhu Moose Wala,"16,200,000","4,078,330,367",111,Music,2017
458,459,Blippi - Educational Videos for Kids,"16,100,000","12,991,967,769",453,Education,2014
460,461,Travis Scott,"16,100,000","7,187,033,169",13,Music,2013
462,463,Zuni and Family,"16,100,000","5,830,669,187",176,People & Blogs,2017
463,464,Sidemen,"16,100,000","4,196,033,350",264,Entertainment,2015
465,466,Antrax,"16,100,000","2,949,891,202",654,Gaming,2015
466,467,Canal IN,"16,100,000","2,573,050,059",723,People & Blogs,2017
467,468,Dushyant kukreja,"16,000,000","11,095,340,736",571,Entertainment,2015
468,469,TRANS TV Official,"16,000,000","8,780,937,851","123,467",Entertainment,2014
469,470,Little Mix,"16,000,000","7,047,968,268",278,Music,2011
470,471,RKD Studios,"16,000,000","4,133,234,619",622,Entertainment,2014
471,472,FailArmy,"16,000,000","2,041,620,563",337,Comedy,2011
472,473,El Reino a Jugar,"15,900,000","10,175,537,321",872,Education,2015
473,474,DopeLyrics,"15,900,000","9,803,533,121","1,937",Music,2016
475,476,Camila Cabello,"15,900,000","6,086,165,889",61,Music,2015
477,478,Kaykai Salaider,"15,900,000","4,248,704,474",399,Comedy,2011
482,483,Kids Play,"15,800,000","7,713,981,883",545,Entertainment,2018
483,484,Aayu and Pihu Show,"15,800,000","7,837,311,552",352,Comedy,2017
484,485,JJ Olatunji,"15,800,000","3,631,494,389","1,183",Gaming,2011
485,486,Katie Angel,"15,800,000","3,007,947,714",732,People & Blogs,2015
486,487,MissaSinfonia,"15,800,000","1,918,777,559",232,Comedy,2011
487,488,AMARINTV : à¸­à¸¡à¸£à¸´à¸™à¸—à¸£à¹Œà¸—à¸µà¸§à¸µ,"15,700,000","11,194,074,075","97,231",Entertainment,2014
488,489,Rotten Tomatoes Trailers,"15,700,000","12,811,981,848","9,582",Film & Animation,2011
490,491,Enes Batur,"15,700,000","9,410,061,135","1,979",Gaming,2012
492,493,Jason Vlogs,"15,700,000","7,137,778,517",666,Education,2015
493,494,Alejo Igoa,"15,700,000","5,276,127,016",699,Comedy,2014
494,495,Matt Stonie,"15,700,000","3,249,162,653",401,Entertainment,2012
496,497,Pop Chartbusters,"15,600,000","7,817,983,360","2,154",Music,2011
497,498,Tilak,"15,600,000","6,132,515,137","3,614",Film & Animation,2020
498,499,AdMe,"15,600,000","4,012,749,893","5,356",Entertainment,2015
499,500,FunFun Toy Doll TV,"15,500,000","6,948,469,648",706,Entertainment,2016
500,501,News24,"15,500,000","5,982,443,648","157,377",News & Politics,2014
501,502,Roman Atwood Vlogs,"15,500,000","5,442,036,950","1,726",People & Blogs,2013
502,503,Dyland PROS,"15,500,000","1,294,519,810","1,803",Entertainment,2015
503,504,Gato Galactico | GALÃXIA,"15,400,000","5,602,802,498","2,085",Film & Animation,2013
504,505,FitDance,"15,400,000","6,541,827,030","3,537",Music,2013
506,507,wifistudy,"15,400,000","2,805,232,542","46,290",Education,2014
508,509,RCTI - LAYAR DRAMA INDONESIA,"15,300,000","12,818,689,835","58,886",Entertainment,2015
509,510,SriBalajiMovies,"15,200,000","8,199,671,601","16,953",Entertainment,2011
510,511,Oyuncak AvÄ±,"15,200,000","8,085,387,780",544,Entertainment,2014
513,514,Kerajinan 5-Menit,"15,200,000","4,465,727,515","3,392",People & Blogs,2018
514,515,Bizarrap,"15,200,000","4,683,488,651",78,Comedy,2017
515,516,T3ddy,"15,200,000","2,528,566,554","1,700",Comedy,2012
516,517,Musas,"15,200,000","2,359,375,167",611,Howto & Style,2012
517,518,Dan Rhodes,"15,100,000","10,715,145,365","1,315",Entertainment,2015
518,519,With Kids[ìœ„ë“œí‚¤ì¦ˆ],"15,100,000","7,990,515,155",863,Entertainment,2012
519,520,And TV,"15,100,000","11,583,824,903","26,477",Entertainment,2015
520,521,TheRichest,"15,100,000","2,919,203,136","2,206",Education,2014
521,522,LOKESH GAMER,"15,100,000","1,535,589,708","1,186",Gaming,2017
522,523,Technoblade,"15,100,000","1,488,692,745",988,Gaming,2013
524,525,POPS Kids,"15,000,000","8,678,492,072","4,478",Music,2014
525,526,SAM SMITH,"15,000,000","8,769,075,543",67,Music,2012
526,527,Like Nastya IDN,"15,000,000","6,483,845,834",430,Entertainment,2019
527,528,Like Nastya VNM,"15,000,000","8,132,415,475",456,Entertainment,2019
528,529,5-Minute Crafts FAMILY,"15,000,000","5,438,131,771","3,440",People & Blogs,2018
529,530,zayn,"15,000,000","4,559,692,349",14,Music,2016
530,531,Makiman131,"15,000,000","4,484,263,923","3,102",Gaming,2013
531,532,Ø­ÙØ±Ù Ø¥Ø¨Ø¯Ø§Ø¹ÙŠØ© ÙÙŠ 5 Ø¯Ù‚Ø§Ø¦Ù‚,"15,000,000","4,160,511,912","4,404",Howto & Style,2017
537,538,Volga Video,"14,900,000","9,171,517,368","18,735",Film & Animation,2012
538,539,Lahari Music | T-Series,"14,900,000","10,469,251,425","8,169",Music,2011
542,543,Harsh Beniwal,"14,900,000","1,630,452,954",158,Comedy,2015
545,546,La Rosa de Guadalupe,"14,800,000","8,349,695,433","5,225",Entertainment,2015
546,547,Dave and Ava - Nursery Rhymes and Baby Songs,"14,800,000","9,864,262,216",732,Education,2014
548,549,Super Senya,"14,800,000","4,790,199,895",525,Entertainment,2016
549,550,Lachlan,"14,800,000","5,013,387,703","3,646",Gaming,2013
550,551,Reaction Time,"14,800,000","4,255,591,418","1,684",Entertainment,2015
552,553,YOLO AVENTURAS,"14,800,000","3,689,834,035",976,People & Blogs,2018
553,554,MrBeast Shorts,"14,800,000","1,938,796,955",87,People & Blogs,2020
554,555,Niana Guerrero,"14,800,000","1,359,023,136",391,Entertainment,2013
555,556,ZÃ© Neto e Cristiano,"14,700,000","10,398,104,437",212,Music,2012
556,557,Dangal TV Channel,"14,700,000","8,282,592,676","8,625",Entertainment,2017
559,560,les boys tv2,"14,700,000","4,518,966,874",381,Entertainment,2017
560,561,iTownGamePlay *Terror&DiversiÃ³n*,"14,700,000","4,784,433,628","7,674",Entertainment,2012
561,562,Planeta das GÃªmeas,"14,700,000","4,468,774,867",899,People & Blogs,2015
562,563,IDEIAS INCRÃVEIS,"14,700,000","3,498,040,367","4,643",Howto & Style,2017
567,568,NMF News,"14,600,000","6,090,840,731","95,987",News & Politics,2013
571,572,Daftar Populer,"14,600,000","1,859,586,741","2,898",Education,2017
572,573,LEGENDA FUNK,"14,600,000","1,310,544,121","2,250",Music,2013
574,575,El Payaso Plim Plim,"14,500,000","12,573,029,533",992,Film & Animation,2013
578,579,Bollywood Classics,"14,500,000","6,036,342,725","1,147",Entertainment,2011
579,580,Zhong,"14,500,000","9,685,321,623","1,081",Entertainment,2015
580,581,Wow Kidz Action,"14,500,000","6,378,481,319","1,445",Film & Animation,2017
582,583,XpressTV,"14,500,000","3,644,137,000",630,Entertainment,2014
583,584,Maha Fun Tv,"14,500,000","2,385,190,008",51,Entertainment,2017
584,585,Mobile Legends: Bang Bang Official,"14,500,000","2,655,046,551","2,410",Gaming,2016
585,586,Ø­Ù‚Ø§Ø¦Ù‚ ÙˆØ£Ø³Ø±Ø§Ø±,"14,500,000","2,175,911,149","1,312",Entertainment,2016
586,587,Drawblogs,"14,500,000","1,694,934,569",362,Entertainment,2014
588,589,Fifth Harmony,"14,400,000","7,526,971,366",67,Music,2013
589,590,Team Films Bhojpuri,"14,400,000","6,164,527,861","20,085",Music,2014
591,592,Boram Tube ToysReview [ë³´ëžŒíŠœë¸Œ í† ì´ë¦¬ë·°],"14,400,000","4,914,128,767",568,People & Blogs,2016
592,593,Martin Garrix,"14,400,000","5,558,117,744",305,Music,2011
593,594,LIV Crime,"14,400,000","7,061,275,751","4,281",People & Blogs,2020
594,595,Super Polina,"14,400,000","4,812,187,551",539,People & Blogs,2014
596,597,TWICE,"14,400,000","3,733,683,543",852,Music,2016
597,598,Arif muhammad,"14,400,000","3,400,090,845",428,People & Blogs,2017
600,601,Ð”Ð¸Ð¼Ð° ÐœÐ°ÑÐ»ÐµÐ½Ð½Ð¸ÐºÐ¾Ð²,"14,400,000","2,013,234,398",401,Entertainment,2014
602,603,mujjuu___14,"14,300,000","9,548,597,909",556,People & Blogs,2020
604,605,Gyan Gamingã…¤,"14,300,000","2,081,351,545","2,514",Gaming,2017
605,606,Zach King,"14,300,000","2,014,152,450",398,Entertainment,2013
606,607,It's Mamix,"14,300,000","1,547,521,967",200,People & Blogs,2017
607,608,Hear This Music,"14,200,000","8,511,385,256",38,Music,2016
608,609,Unspeakable,"14,200,000","7,365,642,885",668,Gaming,2016
609,610,SIS vs BRO,"14,200,000","6,767,838,159",357,Entertainment,2016
610,611,Mohamed Ramadan I Ù…Ø­Ù…Ø¯ Ø±Ù…Ø¶Ø§Ù†,"14,200,000","4,812,994,887",599,People & Blogs,2014
611,612,Trap City,"14,200,000","4,885,163,357","2,554",Music,2012
612,613,Totoy kids - EspaÃ±ol,"14,200,000","4,533,034,236",167,Film & Animation,2017
613,614,Camila Loures,"14,200,000","4,189,052,804","3,429",Music,2014
614,615,Zach Choi ASMR,"14,200,000","2,512,937,687",638,People & Blogs,2014
615,616,MalumaVEVO,"14,100,000","17,905,081,262",168,Music,2011
618,619,Zee Music Classic,"14,100,000","5,021,164,640",964,Music,2014
619,620,à¸Šà¹ˆà¸­à¸‡8 : Thai Ch8,"14,100,000","5,221,155,648","20,582",Entertainment,2011
620,621,Daily Dose Of Internet,"14,100,000","4,265,711,762",396,Entertainment,2015
621,622,Invento na Hora,"14,100,000","3,851,507,257","1,189",Film & Animation,2014
622,623,#Refugio Mental,"14,100,000","3,410,001,605",688,Entertainment,2013
623,624,Anasala I Ø£Ù†Ø³ Ùˆ Ø£ØµØ§Ù„Ø©,"14,100,000","3,068,619,934",407,Entertainment,2017
624,625,ÐœÐ°ÑÑ‚ÐµÑ€ÑÐºÐ°Ñ ÐÐ°ÑÑ‚Ñ€Ð¾ÐµÐ½Ð¸Ñ,"14,000,000","3,636,809,960",891,Entertainment,2013
625,626,Aphmau,"14,000,000","13,364,784,369","3,996",Gaming,2012
626,627,O Canal do JoÃ£ozinho - Little Angel PortuguÃªs,"14,000,000","7,752,154,061",649,Entertainment,2018
627,628,Ð¢Ñ€ÑƒÐ¼ Ð¢Ñ€ÑƒÐ¼,"14,000,000","6,272,005,457","1,987",Howto & Style,2015
628,629,AM3NlC,"14,000,000","4,816,638,383","5,446",Gaming,2012
629,630,F2Freestylers - Ultimate Soccer Skills Channel,"14,000,000","3,152,582,636",777,Sports,2011
630,631,A2 Motivation by {Arvind Arora},"13,900,000","8,013,016,996","2,340",Entertainment,2017
631,632,Taarak Mehta Ka Ooltah Chashmah,"13,900,000","8,048,210,407","2,519",Entertainment,2014
632,633,EdisonPts,"13,900,000","5,606,959,168","3,490",Gaming,2013
634,635,Kuplinov â–º Play,"13,900,000","5,778,034,318","6,400",Gaming,2012
636,637,DM - Desi Melodies,"13,900,000","5,056,080,182",45,Music,2017
638,639,Saad Lamjarred | Ø³Ø¹Ø¯ Ù„Ù…Ø¬Ø±Ø¯,"13,900,000","3,931,202,248",156,Music,2012
639,640,Doc Tops,"13,900,000","2,469,411,668",437,Entertainment,2014
640,641,Mis Pastelitos,"13,900,000","2,382,268,150",534,Howto & Style,2014
643,644,Blippi EspaÃ±ol,"13,800,000","7,685,405,847",408,People & Blogs,2017
647,648,Auron,"13,800,000","2,583,408,205",694,People & Blogs,2013
648,649,NOBRU,"13,700,000","225,191,097",344,Gaming,2016
649,650,Mazhavil Manorama,"13,700,000","13,822,177,908","70,454",Entertainment,2011
650,651,MNCTV OFFICIAL,"13,700,000","7,394,853,164","54,722",Entertainment,2012
651,652,ADEL et SAMI,"13,700,000","5,660,289,473",362,Entertainment,2018
652,653,NichLmao,"13,700,000","7,269,291,992",562,People & Blogs,2018
653,654,Hongyu ASMR í™ìœ ,"13,700,000","4,285,457,943",515,People & Blogs,2018
654,655,Dang Matt Smith,"13,700,000","3,101,895,284","1,372",Entertainment,2011
658,659,GMM25Thailand,"13,600,000","8,727,207,691","53,533",Entertainment,2011
660,661,Lyna,"13,600,000","5,801,199,256","4,452",Gaming,2014
661,662,TazerCraft,"13,600,000","5,325,454,303","3,977",Gaming,2011
663,664,Zig & Sharko,"13,500,000","8,306,091,825",826,Film & Animation,2015
664,665,5-Minute Crafts Recycle,"13,500,000","7,508,843,409","2,770",People & Blogs,2019
665,666,Aadishakti Films,"13,500,000","5,860,777,243","4,599",Music,2016
666,667,infobells,"13,500,000","4,977,566,807",463,Education,2011
667,668,The World Adventures à¤¹à¤¿à¤¨à¥à¤¦à¥€,"13,500,000","2,116,009,610",854,People & Blogs,2016
668,669,PlayHard,"13,500,000","1,926,532,344","2,138",Gaming,2014
669,670,Neha Kakkar,"13,500,000","1,792,757,553",122,Music,2012
670,671,ZEE5,"13,400,000","15,778,544,226","69,731",Entertainment,2018
671,672,Jake Fellman,"13,400,000","10,047,123,955",352,Entertainment,2012
673,674,Gallina Pintadita,"13,400,000","9,054,727,117",59,Music,2011
676,677,AzzyLand,"13,400,000","6,045,422,126","1,620",Gaming,2015
677,678,FAPTV,"13,400,000","4,975,821,188",595,Comedy,2014
678,679,TV Ana Emilia,"13,400,000","4,344,884,807",493,People & Blogs,2014
679,680,Harry Styles,"13,400,000","4,427,208,053",13,People & Blogs,2017
682,683,Narins Beauty,"13,400,000","2,046,344,368",406,Howto & Style,2014
683,684,Kim Loaiza,"13,400,000","1,092,248,349",12,Music,2019
684,685,YOLO,"13,400,000","638,326,662",117,Comedy,2015
687,688,Wish 107.5,"13,300,000","5,259,245,361","1,552",Music,2014
690,691,MyMissAnand,"13,200,000","4,522,774,674",275,People & Blogs,2014
691,692,PrestonPlayz,"13,200,000","4,655,009,420",694,Gaming,2018
692,693,123 GO! Spanish,"13,200,000","4,639,173,668",340,People & Blogs,2019
693,694,Anaysa,"13,200,000","3,173,575,287",490,Howto & Style,2012
694,695,JD Pantoja,"13,200,000","1,380,896,972",16,People & Blogs,2017
695,696,ETV Jabardasth,"13,100,000","12,102,023,764","7,805",People & Blogs,2015
697,698,SRK MUSIC,"13,100,000","5,680,652,976","4,895",Music,2012
698,699,The LaBrant Fam,"13,100,000","4,606,244,054",586,Comedy,2012
700,701,MSA previously My Story Animated,"13,100,000","5,149,512,811",838,Film & Animation,2019
701,702,The Q,"13,100,000","4,064,473,466",276,People & Blogs,2017
702,703,Desi Gamers,"13,100,000","1,938,724,616","1,223",Gaming,2015
703,704,Matheus Yurley,"13,100,000","741,066,278",238,Entertainment,2015
704,705,Calon Sarjana,"13,000,000","10,664,585",29,Entertainment,2016
705,706,Saturday Night Live,"13,000,000","13,581,231,885","7,996",Entertainment,2013
707,708,ÐŸÐ¾Ð·Ð·Ð¸,"13,000,000","6,244,275,339","3,000",People & Blogs,2012
708,709,The MriDul,"13,000,000","3,545,774,062",96,Comedy,2015
710,711,DALLMYD,"13,000,000","1,738,311,790",616,Sports,2011
711,712,Ð“Ð›Ð•ÐÐ¢,"13,000,000","926,279,238",221,People & Blogs,2019
712,713,Coke Studio,"12,900,000","3,274,234,309",529,Music,2014
714,715,O Reino Infantil,"12,900,000","9,539,435,945","1,055",Music,2014
716,717,Gulshan Kalra,"12,900,000","6,130,500,064",339,Howto & Style,2018
718,719,Matt Steffanina,"12,900,000","2,970,575,636",486,Entertainment,2011
719,720,The Shiny Peanut,"12,900,000","2,839,759,455","2,331",Education,2016
722,723,O Que NÃ£o Dizer Oficial,"12,900,000","1,636,814,649",511,Comedy,2015
723,724,Alex Gonzaga Official,"12,900,000","1,300,528,162",238,People & Blogs,2017
725,726,Infobells Bangla,"12,800,000","6,165,983,944",284,Education,2016
726,727,SMOL,"12,800,000","13,067,020,729","1,960",People & Blogs,2021
727,728,RedeTV,"12,800,000","8,366,717,082","36,800",Entertainment,2011
730,731,T-Series Hamaar Bhojpuri,"12,800,000","6,334,967,135","9,347",Entertainment,2011
736,737,PowerfulJRE,"12,800,000","2,266,640,311",765,People & Blogs,2013
737,738,CookingShooking Hindi,"12,800,000","1,609,903,713",393,People & Blogs,2017
739,740,Dear Sir,"12,800,000","918,548,566",482,Education,2016
740,741,Tsuriki Show,"12,700,000","19,472,063,469","1,617",Entertainment,2019
742,743,Like Nastya Stories,"12,700,000","6,055,781,883",389,Entertainment,2019
743,744,Top Viral Talent,"12,700,000","6,503,369,315","2,282",Entertainment,2014
744,745,Jazzghost,"12,700,000","4,639,145,138","5,111",Gaming,2012
745,746,Ei Nerd,"12,700,000","3,207,538,507","5,219",Entertainment,2013
746,747,#RefÃºgio Mental,"12,700,000","2,582,093,496",758,Entertainment,2013
747,748,Ø£ØªØ±Ùˆ/Atro,"12,700,000","2,138,416,538","1,544",Gaming,2017
749,750,That Little Puff,"12,600,000","10,768,365,983",542,Pets & Animals,2020
750,751,Hungria Hip Hop,"12,600,000","3,960,601,978",44,Music,2013
752,753,Lady Diana,"12,600,000","7,265,803,610","1,273",Entertainment,2016
753,754,T-Series Regional,"12,600,000","5,169,203,026","15,573",Entertainment,2011
754,755,Blossom,"12,600,000","4,270,306,760",533,Howto & Style,2017
755,756,Crescendo com Luluca,"12,600,000","4,241,651,530","1,107",Entertainment,2015
756,757,7 Minutoz,"12,600,000","3,916,931,694",511,Music,2012
758,759,BIBOì™€ ìž¥ë‚œê°,"12,600,000","2,875,252,577",152,Entertainment,2016
760,761,Goldmines Premiere,"12,600,000","1,629,550,071",530,Entertainment,2013
761,762,SAAIHALILINTAR,"12,600,000","1,104,329,570",405,Entertainment,2012
762,763,Health Time,"12,600,000","978,876,224","1,604",Howto & Style,2016
763,764,Ja Mill,"12,500,000","1,302,818,088",567,People & Blogs,2016
766,767,VexTrex,"12,500,000","7,198,667,373","3,133",Entertainment,2014
770,771,Parafernalha,"12,500,000","4,547,822,776","1,498",Entertainment,2011
771,772,Rebecca Zamolo,"12,500,000","4,747,533,461",856,Comedy,2011
773,774,StudyIQ IAS,"12,500,000","2,940,312,253","34,843",Education,2015
775,776,Knowledge Tv à¤¹à¤¿à¤¨à¥à¤¦à¥€,"12,500,000","1,446,664,137","1,041",People & Blogs,2014
776,777,ã‚­ãƒƒã‚ºãƒ©ã‚¤ãƒ³â™¡Kids Line,"12,400,000","10,743,601,694","5,581",People & Blogs,2011
777,778,KOMPASTV,"12,400,000","9,025,460,804","225,232",News & Politics,2013
779,780,Ajay Sharma,"12,400,000","9,181,398,526",607,Entertainment,2012
782,783,Sony Music South,"12,400,000","7,036,027,389","1,574",Music,2014
783,784,karameeshchannel,"12,400,000","8,199,848,915","2,122",Entertainment,2012
784,785,Melon City Show - Ø¨Ø±Ù†Ø§Ù…Ø¬ ÙˆÙ„Ø§ÙŠØ© Ø¨Ø·ÙŠØ®,"12,400,000","5,477,760,778","1,592",Comedy,2016
785,786,DJ Khaled,"12,400,000","6,054,112,231",39,Music,2018
786,787,Adexe & Nau,"12,400,000","4,440,271,314",529,Music,2013
787,788,SR Toys Collection,"12,400,000","4,007,664,795",984,Entertainment,2012
789,790,Talking Angela,"12,400,000","3,284,897,861",204,Entertainment,2014
791,792,Kabita's Kitchen,"12,400,000","2,338,362,639","1,234",Howto & Style,2014
792,793,LOUD,"12,400,000","2,305,594,041","1,126",Gaming,2019
793,794,Brawl Stars,"12,400,000","1,796,220,780",130,Gaming,2017
794,795,Piuzinho,"12,400,000","1,022,959,848",463,Gaming,2015
795,796,People Vs Food,"12,400,000","959,616,512",384,Entertainment,2013
797,798,Little Baby Bum en EspaÃ±ol,"12,300,000","6,706,548,354","1,182",Education,2014
798,799,JOJO TV - Hindi Stories,"12,300,000","4,679,118,911",925,Education,2016
799,800,Troom Troom PT,"12,300,000","4,219,567,300","2,430",Howto & Style,2015
800,801,Peppa Pig em PortuguÃªs Brasil - Canal Oficial,"12,300,000","3,807,810,342","1,066",Film & Animation,2014
801,802,Gibby :),"12,300,000","2,761,291,454",203,People & Blogs,2014
802,803,Blockbuster Movies,"12,300,000","2,286,659,867",344,Entertainment,2016
804,805,Come Play With Me,"12,200,000","14,390,156,987",367,Entertainment,2014
805,806,The Dodo,"12,200,000","7,908,428,418","6,993",Pets & Animals,2014
808,809,Ù…Ø§Ø´Ø§ Ùˆ Ø§Ù„Ø¯Ø¨,"12,200,000","6,201,317,137",751,Shows,2017
809,810,Troom Troom India,"12,200,000","6,308,397,105","2,070",Howto & Style,2015
810,811,HZHtube Kids Fun,"12,200,000","3,956,552,948",674,Entertainment,2015
811,812,Its JoJo Siwa,"12,200,000","3,817,813,233",707,Entertainment,2015
812,813,My Mate Nate,"12,200,000","2,748,616,115",981,Comedy,2014
813,814,Bela BagunÃ§a,"12,200,000","2,770,979,129",921,People & Blogs,2015
814,815,Mythpat,"12,200,000","2,590,550,091",322,Entertainment,2018
816,817,Future,"12,100,000","8,747,974,258",48,Music,2011
818,819,Jass Records,"12,100,000","5,294,095,545","4,241",Music,2014
819,820,DeGoBooM,"12,100,000","4,732,355,492","3,062",Gaming,2014
821,822,MÃ¡s SKabeche,"12,100,000","2,746,045,885",632,Travel & Events,2015
822,823,Davie504,"12,100,000","2,329,241,574",793,Entertainment,2011
823,824,Trakin Tech,"12,100,000","1,809,901,493","3,285",Science & Technology,2011
825,826,Migos ATL,"12,000,000","6,370,982,440",100,Music,2012
826,827,Lana Del Rey,"12,000,000","5,676,001,571",40,Music,2011
827,828,DaniRep | +6 VÃ­deos Diarios De GTA 5 Online!,"12,000,000","6,447,519,975","10,858",Gaming,2012
828,829,ÐšÐ¾Ð¼Ð¿Ð¾Ñ‚,"12,000,000","5,850,856,870","1,863",Gaming,2013
831,832,NORMAN FAIT DES VIDÃ‰OS,"12,000,000","2,681,755,121",205,Comedy,2011
832,833,RaptorGamer,"12,000,000","2,522,809,876","1,207",People & Blogs,2016
835,836,Kylie Jenner,"12,000,000","753,341,022",148,People & Blogs,2015
836,837,Troom Troom Indonesia,"11,900,000","5,012,830,809","1,568",People & Blogs,2019
838,839,The Infographics Show,"11,900,000","4,349,105,305","3,445",Education,2011
840,841,Azhan5star,"11,900,000","6,371,101,819",365,Entertainment,2021
841,842,CHHOTU KI MASTI,"11,900,000","4,064,045,560",106,Comedy,2018
842,843,Yudist Ardhana,"11,900,000","3,925,624,169","2,126",Entertainment,2016
845,846,BanderitaX,"11,900,000","3,347,502,658","1,474",Gaming,2013
846,847,Lulu99,"11,900,000","2,140,151,369",496,Entertainment,2015
847,848,Planet Earth INDIA,"11,900,000","1,722,795,279",630,People & Blogs,2011
849,850,Ice Cream Rolls,"11,900,000","1,469,047,858","1,528",Entertainment,2011
850,851,Yair17,"11,900,000","1,248,384,511",962,Gaming,2014
852,853,Rauw Alejandro,"11,800,000","9,232,920,975",114,Music,2014
853,854,Jamuna TV,"11,800,000","9,144,058,244","84,071",News & Politics,2017
854,855,MBC Ù…ØµØ±,"11,800,000","7,784,893,932","40,608",Entertainment,2012
855,856,CNCO,"11,800,000","6,881,836,992",172,Music,2015
856,857,Kids TV India Hindi Nursery Rhymes,"11,800,000","5,473,328,070","1,185",Shows,2014
857,858,DANIEL EL TRAVIESO VIDEOS,"11,800,000","4,755,190,859",324,Comedy,2014
858,859,Kluna Tik,"11,800,000","4,208,225,754",275,Entertainment,2014
859,860,MrGear,"11,800,000","3,241,537,148",766,Science & Technology,2015
860,861,E-MasterSensei,"11,800,000","3,235,532,845","1,151",Gaming,2016
861,862,Timba Vk,"11,800,000","2,538,254,830",890,Gaming,2012
862,863,MORGENSHTERN,"11,800,000","2,085,751,416",131,Music,2013
864,865,TommyInnit,"11,800,000","1,590,238,217",289,Gaming,2015
865,866,Tfue,"11,800,000","1,461,546,183",741,Gaming,2014
866,867,Bispo Bruno Leonardo,"11,800,000","1,882,150,122","3,439",Nonprofits & Activism,2016
869,870,Technology Gyan,"11,800,000","920,996,435",924,Science & Technology,2015
871,872,Wave Music Bhakti,"11,700,000","4,770,280,667","19,108",Music,2011
872,873,FFUNTV,"11,700,000","9,325,685,889",364,Gaming,2018
873,874,Natti Natasha,"11,700,000","7,264,301,648",130,Music,2015
874,875,Netflix Jr.,"11,700,000","7,314,674,893","1,563",Education,2012
875,876,Nat and Essie,"11,700,000","6,890,942,780",959,Film & Animation,2015
876,877,Mor Haryanvi,"11,700,000","5,768,686,721",402,Music,2015
878,879,Koo Koo TV - Hindi,"11,700,000","4,265,761,191",927,Education,2017
879,880,123 GO!,"11,700,000","4,356,636,895",377,People & Blogs,2019
880,881,Naz | Ù†Ø§Ø²,"11,700,000","2,002,897,892",917,People & Blogs,2016
882,883,emma chamberlain,"11,700,000","1,531,833,342",283,Entertainment,2016
883,884,Dani Russo Tv,"11,700,000","602,060,711",280,Comedy,2014
884,885,FrontaL Gaming,"11,700,000","255,073,454",108,Gaming,2015
885,886,eltrece,"11,600,000","11,106,097,841","149,786",Entertainment,2014
886,887,Alan Chikin Chow,"11,600,000","11,876,297,990",508,Comedy,2020
887,888,Ð›ÑƒÐ½Ð¾Ð¼Ð¾ÑÐ¸Ðº,"11,600,000","5,052,785,110",460,People & Blogs,2015
889,890,Halsey,"11,600,000","4,412,088,740",51,Music,2014
890,891,Republic Bharat,"11,600,000","5,041,539,626","49,789",News & Politics,2019
892,893,åŠžå…¬å®¤å°é‡Ž Ms Yeah,"11,600,000","3,339,092,378",351,People & Blogs,2017
893,894,Morgz,"11,600,000","2,723,781,007",735,Gaming,2014
894,895,First We Feast,"11,600,000","2,485,814,338",819,Howto & Style,2014
896,897,YoungBoy Never Broke Again,"11,500,000","11,015,842,469",475,Entertainment,2015
897,898,TV9 Bharatvarsh,"11,500,000","7,314,674,032","193,940",People & Blogs,2018
899,900,Luli PampÃ­n,"11,500,000","6,102,648,062",225,Music,2012
900,901,Duo Tiempo De Sol,"11,500,000","5,733,616,887",278,Music,2013
902,903,LipaoGamer,"11,500,000","3,837,227,706","10,901",Gaming,2011
903,904,Make Joke Of,"11,500,000","1,832,620,830",42,Comedy,2017
904,905,Garena Free Fire LATAM,"11,500,000","1,587,661,793","1,425",People & Blogs,2018
905,906,Hero Movies 2022,"11,500,000","1,418,615,214",329,People & Blogs,2017
906,907,YtCrash,"11,400,000","3,825,084",1,Education,2015
907,908,infobells - Kannada,"11,400,000","5,209,512,047",353,Education,2014
910,911,ì›ƒì›ƒTwinsFromRussia,"11,400,000","7,802,486,828","3,589",People & Blogs,2011
911,912,Biper y sus Amigos,"11,400,000","4,991,697,738",119,Music,2012
912,913,Vy Qwaint,"11,400,000","5,409,544,753",528,Howto & Style,2014
913,914,ÐœÐ°ÑˆÐ° Ñ‚Ð° Ð’ÐµÐ´Ð¼Ñ–Ð´ÑŒ,"11,400,000","4,942,306,057",994,Shows,2014
914,915,MC Divertida,"11,400,000","4,440,911,293",347,Entertainment,2018
916,917,CrazyRussianHacker,"11,400,000","3,011,607,663","1,970",Science & Technology,2012
917,918,ExpCaseros,"11,400,000","2,515,501,575","1,023",Howto & Style,2012
918,919,Ø§Ù„Ø¬Ø§Ù†Ø¨ Ø§Ù„Ù…ÙØ´Ø±Ù‚ | Bright Side Arabic,"11,400,000","1,605,101,022","5,063",Howto & Style,2018
919,920,MyLifeAsEva,"11,400,000","1,534,278,655",326,Comedy,2011
920,921,GoldminesAction,"11,400,000","1,069,320,125",529,Film & Animation,2015
921,922,Free Fire India Official,"11,300,000","1,389,660,530","1,117",People & Blogs,2018
922,923,Colors Rishtey,"11,300,000","8,954,781,989","13,423",Entertainment,2013
923,924,Yoeslan,"11,300,000","8,789,109,127",240,Entertainment,2020
925,926,Lil Wayne,"11,300,000","5,335,786,775",254,Music,2013
927,928,Star Casablanca | Ù†Ø¬ÙˆÙ… Ø§Ù„Ø¯Ø§Ø± Ø§Ù„Ø¨ÙŠØ¶Ø§Ø¡,"11,300,000","5,129,031,730",998,Music,2015
928,929,UnspeakableGaming,"11,300,000","4,826,278,522","2,444",Gaming,2012
930,931,Simone e Simaria,"11,300,000","4,474,548,691",224,Music,2012
933,934,Tiana,"11,300,000","3,176,486,598",997,Entertainment,2015
934,935,Quantum Tech HD,"11,300,000","3,594,122,308",392,Science & Technology,2015
935,936,Ya - Alisa,"11,300,000","2,127,059,635",332,People & Blogs,2015
936,937,Jaiden Animations,"11,300,000","2,116,631,957",101,Film & Animation,2014
937,938,Ben Azelart,"11,300,000","2,294,003,189",236,Film & Animation,2014
938,939,Yoga With Adriene,"11,300,000","1,188,547,722",649,Howto & Style,2012
939,940,The Viral Fever,"11,200,000","1,656,301,737",433,Entertainment,2011
940,941,Lofi Girl,"11,200,000","1,311,726,533",328,Music,2015
941,942,Marta and Rustam,"11,200,000","12,481,668,186",390,Comedy,2021
942,943,ChainsmokersVEVO,"11,200,000","11,415,809,929",231,Music,2012
946,947,Cut,"11,200,000","4,846,700,433","1,738",Entertainment,2014
947,948,Toys Make Me Smile,"11,200,000","4,562,854,224",102,Entertainment,2015
949,950,Avocado Couple I Crazy Comics,"11,200,000","3,138,496,496",660,Film & Animation,2018
950,951,Fortnite,"11,200,000","2,123,231,155",792,Gaming,2014
951,952,luzugames,"11,200,000","1,978,138,747","2,882",Gaming,2013
952,953,Magic Five,"11,200,000","1,753,589,438",405,Entertainment,2016
953,954,El RincÃ³n De Giorgio,"11,200,000","1,543,663,972",551,Entertainment,2013
954,955,Pastor AntÃ´nio JÃºnior,"11,200,000","1,646,248,092","3,624",People & Blogs,2013
955,956,CarryisLive,"11,200,000","1,371,995,657",893,Gaming,2017
956,957,MaJa Tv Moral Stories Fairy Tales,"11,100,000","4,132,213,251",449,Entertainment,2017
957,958,FunToys Collector Disney Toys Review,"11,100,000","15,050,447,314","2,910",Entertainment,2011
959,960,Morphle TV,"11,100,000","7,586,526,902","1,126",Entertainment,2011
961,962,Chotoonz TV - Funny Cartoons for Kids,"11,100,000","7,015,448,647","1,797",Film & Animation,2013
963,964,ToysPlay,"11,100,000","7,000,333,135",397,Entertainment,2015
964,965,Pari's Lifestyle,"11,100,000","6,680,703,649",356,People & Blogs,2018
967,968,Sky Does Everything,"11,100,000","3,823,868,578","2,101",Music,2011
968,969,BakLol Video,"11,100,000","3,250,851,179",257,Entertainment,2016
969,970,Genius,"11,100,000","2,891,052,624","2,797",Music,2011
970,971,Mo Vlogs,"11,100,000","2,933,099,311","1,906",People & Blogs,2013
971,972,The Film Theorists,"11,100,000","2,242,892,562",355,Film & Animation,2014
972,973,bharatzkitchen HINDI,"11,100,000","1,903,304,025",626,Howto & Style,2016
973,974,Mrwhosetheboss,"11,100,000","1,793,692,542","1,435",Science & Technology,2011
974,975,Acenix,"11,100,000","1,606,057,806",259,Gaming,2014
975,976,HellomaphieMX,"11,100,000","1,584,174,173",382,Howto & Style,2013
976,977,VirgÃ­nia Fonseca,"11,100,000","1,246,793,263","1,047",People & Blogs,2016
979,980,Inside Edition,"11,000,000","19,367,966,533","27,156",News & Politics,2012
980,981,Flowers Comedy,"11,000,000","9,521,653,019","8,840",Entertainment,2015
981,982,Flamingo,"11,000,000","8,874,980,800","2,196",Gaming,2017
982,983,Doja Cat,"11,000,000","5,459,891,400",25,Music,2018
985,986,Emily Tube,"11,000,000","4,040,393,626",770,Entertainment,2014
988,989,Taylor RS,"11,000,000","3,306,502,621","1,845",Gaming,2016
989,990,unknown boy varun,"11,000,000","3,263,285,883",193,Music,2016
990,991,Viih Tube,"11,000,000","886,497,694",505,People & Blogs,2013
991,992,OYUNCAKOYNUYORUM,"10,900,000","9,948,474,904",791,Entertainment,2016
993,994,í•‘í¬í (ì¸ê¸° ë™ìš”ãƒ»ë™í™”),"10,900,000","6,663,450,148","2,726",Education,2014
994,995,OGGY,"10,900,000","5,589,104,660",920,Film & Animation,2014
995,996,JP Plays,"10,900,000","4,609,300,218","3,528",Gaming,2014
996,997,TrapMusicHDTV,"10,900,000","4,070,521,973",690,Music,2013
997,998,Games EduUu,"10,900,000","3,093,784,767","1,006",Gaming,2011
998,999,Hueva,"10,900,000","3,040,301,750",831,Gaming,2012
999,1000,Dobre Brothers,"10,900,000","2,808,411,693",590,People & Blogs,2017
